,pred_10,pred_40,pred_50,pred_60,pred_1140,pred_1160,pred_1180,pred_1280,pred_1281,pred_1300,pred_1301,pred_1302,pred_1320,pred_1560,pred_1920,pred_1940,pred_2060,pred_2220,pred_2280,pred_2403,pred_2462,pred_2522,pred_2582,pred_2583,pred_2585,pred_2705,pred_2905
true_10,249,30,3,1,17,14,14,6,6,6,0,4,7,1,1,8,1,5,104,59,2,13,0,1,3,65,3
true_40,40,260,29,3,11,12,18,7,21,4,1,3,1,0,0,4,3,1,24,4,31,1,1,0,6,13,4
true_50,3,17,241,3,5,2,2,1,5,7,1,4,1,3,0,1,2,0,1,2,28,2,1,2,2,0,0
true_60,1,7,4,129,0,0,0,0,0,0,0,0,0,0,0,0,0,0,1,0,21,0,0,0,0,2,1
true_1140,21,9,6,0,394,14,23,13,10,1,1,1,1,0,2,3,2,2,8,4,5,7,0,0,0,7,0
true_1160,72,20,2,1,10,610,19,4,9,1,1,0,2,0,0,3,1,3,17,5,3,2,0,2,1,3,0
true_1180,8,1,2,0,5,10,91,5,7,0,0,2,1,0,0,2,1,0,3,4,0,4,1,0,1,5,0
true_1280,19,15,5,1,44,7,16,454,83,164,4,43,22,5,1,7,14,10,9,6,4,17,7,5,7,3,2
true_1281,18,14,3,0,7,16,12,63,205,3,2,13,7,1,0,3,6,4,6,3,12,8,0,1,1,4,2
true_1300,30,8,11,0,11,9,14,29,2,829,3,4,3,1,0,3,3,1,11,9,0,6,5,3,11,2,1
true_1301,0,0,0,0,0,2,0,1,0,1,153,1,1,1,0,0,0,0,1,0,0,0,0,0,0,0,0
true_1302,9,1,3,0,2,5,2,20,11,8,6,360,13,4,0,3,7,4,0,0,0,6,11,15,5,2,1
true_1320,16,5,2,2,2,1,3,17,6,3,3,5,469,19,10,6,22,5,7,3,3,15,5,6,11,2,0
true_1560,5,3,3,0,4,0,3,6,4,3,1,6,20,758,35,0,60,4,3,0,0,17,55,5,19,1,0
true_1920,2,0,0,0,1,0,0,3,0,0,1,4,11,22,778,0,30,0,1,0,1,1,5,1,0,0,0
true_1940,16,1,0,0,0,0,1,0,0,0,0,0,1,1,0,133,0,2,1,1,0,2,1,0,0,1,0
true_2060,4,4,5,0,9,0,5,8,6,5,1,15,19,61,45,3,736,3,4,1,0,11,27,6,21,0,0
true_2220,1,2,0,0,3,2,1,3,0,0,0,5,2,1,2,2,2,129,2,0,0,1,4,2,0,1,0
true_2280,134,19,0,0,11,8,7,7,8,11,2,3,10,0,2,4,1,7,596,47,9,7,1,0,3,51,4
true_2403,86,14,2,1,12,11,10,3,4,3,2,1,3,1,1,5,0,2,106,632,9,13,2,2,2,26,2
true_2462,9,10,24,4,2,6,3,4,2,0,0,0,2,0,0,0,0,0,0,9,207,1,0,1,0,0,0
true_2522,20,4,5,2,5,2,4,2,5,4,4,4,11,4,0,3,6,4,9,7,1,874,3,0,11,3,1
true_2582,1,1,0,0,0,0,1,0,0,3,0,9,10,44,3,3,26,5,2,1,0,9,356,10,32,2,0
true_2583,6,1,0,0,2,3,1,2,2,6,1,16,4,1,2,3,6,1,0,0,0,3,17,1944,21,0,0
true_2585,5,3,8,0,2,0,4,0,3,2,3,6,5,9,4,3,13,3,0,1,0,7,25,14,377,1,1
true_2705,55,9,0,0,6,13,10,2,5,2,0,4,4,0,0,4,0,0,46,20,1,1,1,0,3,362,4
true_2905,9,1,0,0,0,0,3,2,1,0,0,0,0,1,0,0,0,0,3,0,0,0,0,0,0,5,149
