{
  "train_accuracy": 0.7524730612965908,
  "test_accuracy": 0.7008949599623174,
  "train_f1": 0.7527927386691294,
  "test_f1": 0.7000729084700974,
  "best_cv_score": -Infinity,
  "grid_search_results": [],
  "classification_report": {
    "0": {
      "precision": 0.3690176322418136,
      "recall": 0.47030497592295345,
      "f1-score": 0.4135497529992943,
      "support": 623.0
    },
    "1": {
      "precision": 0.5759162303664922,
      "recall": 0.43824701195219123,
      "f1-score": 0.497737556561086,
      "support": 502.0
    },
    "2": {
      "precision": 0.6107784431137725,
      "recall": 0.6071428571428571,
      "f1-score": 0.608955223880597,
      "support": 336.0
    },
    "3": {
      "precision": 0.9172932330827067,
      "recall": 0.7349397590361446,
      "f1-score": 0.8160535117056856,
      "support": 166.0
    },
    "4": {
      "precision": 0.654945054945055,
      "recall": 0.5580524344569289,
      "f1-score": 0.60262891809909,
      "support": 534.0
    },
    "5": {
      "precision": 0.5310957551826259,
      "recall": 0.6801517067003793,
      "f1-score": 0.5964523281596452,
      "support": 791.0
    },
    "6": {
      "precision": 0.5151515151515151,
      "recall": 0.2222222222222222,
      "f1-score": 0.3105022831050228,
      "support": 153.0
    },
    "7": {
      "precision": 0.6381059751972943,
      "recall": 0.5811088295687885,
      "f1-score": 0.6082751209027405,
      "support": 974.0
    },
    "8": {
      "precision": 0.5083333333333333,
      "recall": 0.4420289855072464,
      "f1-score": 0.4728682170542636,
      "support": 414.0
    },
    "9": {
      "precision": 0.8799603174603174,
      "recall": 0.8790882061446977,
      "f1-score": 0.8795240456122955,
      "support": 1009.0
    },
    "10": {
      "precision": 0.8102189781021898,
      "recall": 0.6894409937888198,
      "f1-score": 0.7449664429530202,
      "support": 161.0
    },
    "11": {
      "precision": 0.6284403669724771,
      "recall": 0.5502008032128514,
      "f1-score": 0.5867237687366167,
      "support": 498.0
    },
    "12": {
      "precision": 0.6511226252158895,
      "recall": 0.5817901234567902,
      "f1-score": 0.6145069274653626,
      "support": 648.0
    },
    "13": {
      "precision": 0.7017716535433071,
      "recall": 0.7024630541871921,
      "f1-score": 0.7021171836533727,
      "support": 1015.0
    },
    "14": {
      "precision": 0.8316831683168316,
      "recall": 0.8780487804878049,
      "f1-score": 0.8542372881355932,
      "support": 861.0
    },
    "15": {
      "precision": 0.6887417218543046,
      "recall": 0.6459627329192547,
      "f1-score": 0.6666666666666666,
      "support": 161.0
    },
    "16": {
      "precision": 0.7318611987381703,
      "recall": 0.6966966966966966,
      "f1-score": 0.7138461538461538,
      "support": 999.0
    },
    "17": {
      "precision": 0.7348484848484849,
      "recall": 0.5878787878787879,
      "f1-score": 0.6531986531986532,
      "support": 165.0
    },
    "18": {
      "precision": 0.6527390900649953,
      "recall": 0.7384453781512605,
      "f1-score": 0.69295219319862,
      "support": 952.0
    },
    "19": {
      "precision": 0.5939226519337016,
      "recall": 0.675392670157068,
      "f1-score": 0.6320431161195492,
      "support": 955.0
    },
    "20": {
      "precision": 0.7030075187969925,
      "recall": 0.6584507042253521,
      "f1-score": 0.68,
      "support": 284.0
    },
    "21": {
      "precision": 0.760576923076923,
      "recall": 0.7925851703406813,
      "f1-score": 0.7762512266928361,
      "support": 998.0
    },
    "22": {
      "precision": 0.5907407407407408,
      "recall": 0.6158301158301158,
      "f1-score": 0.6030245746691871,
      "support": 518.0
    },
    "23": {
      "precision": 0.9313725490196079,
      "recall": 0.930460333006856,
      "f1-score": 0.9309162175404213,
      "support": 2042.0
    },
    "24": {
      "precision": 0.6285714285714286,
      "recall": 0.5731462925851704,
      "f1-score": 0.59958071278826,
      "support": 499.0
    },
    "25": {
      "precision": 0.7728085867620751,
      "recall": 0.782608695652174,
      "f1-score": 0.7776777677767777,
      "support": 552.0
    },
    "26": {
      "precision": 0.9438202247191011,
      "recall": 0.9655172413793104,
      "f1-score": 0.9545454545454546,
      "support": 174.0
    },
    "accuracy": 0.7008949599623174,
    "macro avg": {
      "precision": 0.6872905704204499,
      "recall": 0.6547483541707628,
      "f1-score": 0.6662889372617135,
      "support": 16984.0
    },
    "weighted avg": {
      "precision": 0.7042883562016442,
      "recall": 0.7008949599623174,
      "f1-score": 0.7000729084700974,
      "support": 16984.0
    }
  },
  "confusion_matrix": [
    [
      293,
      11,
      3,
      0,
      8,
      54,
      2,
      7,
      0,
      5,
      0,
      1,
      6,
      0,
      0,
      2,
      0,
      1,
      100,
      85,
      2,
      10,
      1,
      1,
      2,
      29,
      0
    ],
    [
      49,
      220,
      26,
      2,
      14,
      96,
      0,
      2,
      17,
      0,
      1,
      3,
      2,
      0,
      1,
      3,
      5,
      1,
      21,
      11,
      15,
      4,
      0,
      4,
      0,
      4,
      1
    ],
    [
      7,
      14,
      204,
      4,
      4,
      10,
      1,
      5,
      7,
      6,
      2,
      7,
      12,
      4,
      1,
      1,
      2,
      1,
      2,
      5,
      17,
      11,
      1,
      5,
      1,
      1,
      1
    ],
    [
      3,
      5,
      15,
      122,
      0,
      4,
      0,
      0,
      1,
      1,
      0,
      0,
      1,
      0,
      0,
      0,
      0,
      0,
      0,
      0,
      9,
      0,
      0,
      0,
      0,
      4,
      1
    ],
    [
      48,
      9,
      5,
      1,
      298,
      43,
      4,
      25,
      9,
      5,
      1,
      1,
      5,
      1,
      1,
      2,
      7,
      0,
      14,
      34,
      1,
      6,
      0,
      3,
      1,
      9,
      1
    ],
    [
      52,
      37,
      1,
      0,
      5,
      538,
      1,
      5,
      13,
      8,
      0,
      1,
      3,
      0,
      0,
      1,
      0,
      1,
      61,
      52,
      2,
      4,
      0,
      0,
      1,
      5,
      0
    ],
    [
      27,
      5,
      2,
      0,
      6,
      10,
      34,
      6,
      13,
      4,
      2,
      3,
      1,
      0,
      0,
      0,
      3,
      0,
      8,
      16,
      5,
      4,
      0,
      1,
      0,
      2,
      1
    ],
    [
      26,
      12,
      8,
      1,
      39,
      30,
      3,
      566,
      52,
      39,
      1,
      37,
      27,
      10,
      4,
      5,
      14,
      7,
      10,
      26,
      6,
      14,
      13,
      9,
      5,
      8,
      2
    ],
    [
      16,
      8,
      1,
      0,
      6,
      26,
      1,
      82,
      183,
      3,
      1,
      12,
      6,
      2,
      0,
      4,
      6,
      3,
      6,
      6,
      11,
      15,
      3,
      1,
      3,
      8,
      1
    ],
    [
      10,
      3,
      3,
      1,
      5,
      26,
      3,
      14,
      0,
      887,
      0,
      0,
      2,
      2,
      0,
      5,
      3,
      1,
      5,
      20,
      1,
      6,
      5,
      1,
      5,
      1,
      0
    ],
    [
      2,
      2,
      2,
      0,
      0,
      3,
      0,
      3,
      3,
      1,
      111,
      4,
      2,
      4,
      0,
      2,
      1,
      0,
      1,
      0,
      0,
      15,
      3,
      1,
      0,
      0,
      1
    ],
    [
      15,
      2,
      3,
      0,
      4,
      8,
      3,
      41,
      16,
      3,
      2,
      274,
      14,
      12,
      5,
      3,
      11,
      2,
      3,
      5,
      0,
      11,
      24,
      22,
      11,
      4,
      0
    ],
    [
      30,
      7,
      6,
      0,
      13,
      17,
      1,
      33,
      4,
      2,
      4,
      10,
      377,
      30,
      14,
      1,
      28,
      1,
      5,
      11,
      2,
      25,
      4,
      10,
      8,
      5,
      0
    ],
    [
      6,
      1,
      1,
      0,
      2,
      0,
      2,
      21,
      1,
      4,
      1,
      9,
      23,
      713,
      51,
      2,
      63,
      1,
      1,
      3,
      0,
      21,
      55,
      9,
      22,
      3,
      0
    ],
    [
      1,
      1,
      2,
      0,
      2,
      0,
      0,
      2,
      0,
      1,
      1,
      1,
      15,
      29,
      756,
      2,
      23,
      0,
      0,
      4,
      1,
      2,
      13,
      4,
      1,
      0,
      0
    ],
    [
      2,
      0,
      0,
      1,
      1,
      4,
      0,
      3,
      3,
      5,
      0,
      4,
      5,
      1,
      0,
      104,
      0,
      0,
      3,
      6,
      0,
      6,
      1,
      1,
      4,
      6,
      1
    ],
    [
      2,
      1,
      4,
      0,
      11,
      1,
      3,
      17,
      5,
      3,
      0,
      15,
      14,
      77,
      54,
      1,
      696,
      3,
      0,
      5,
      0,
      14,
      31,
      9,
      31,
      2,
      0
    ],
    [
      0,
      2,
      3,
      0,
      0,
      0,
      0,
      7,
      2,
      1,
      0,
      0,
      4,
      5,
      5,
      1,
      4,
      97,
      2,
      2,
      0,
      7,
      10,
      6,
      6,
      1,
      0
    ],
    [
      60,
      17,
      0,
      0,
      6,
      55,
      1,
      4,
      5,
      6,
      0,
      1,
      2,
      0,
      0,
      0,
      1,
      2,
      703,
      66,
      2,
      10,
      0,
      2,
      2,
      7,
      0
    ],
    [
      53,
      7,
      1,
      0,
      9,
      51,
      2,
      9,
      11,
      6,
      0,
      4,
      4,
      3,
      2,
      2,
      0,
      1,
      99,
      645,
      4,
      19,
      1,
      2,
      0,
      20,
      0
    ],
    [
      5,
      8,
      21,
      1,
      1,
      10,
      0,
      2,
      5,
      3,
      0,
      1,
      4,
      1,
      0,
      0,
      1,
      0,
      2,
      28,
      187,
      1,
      0,
      1,
      0,
      2,
      0
    ],
    [
      13,
      1,
      5,
      0,
      9,
      19,
      3,
      13,
      4,
      3,
      5,
      8,
      15,
      15,
      4,
      3,
      13,
      2,
      7,
      35,
      1,
      791,
      10,
      7,
      9,
      3,
      0
    ],
    [
      0,
      1,
      1,
      0,
      4,
      1,
      1,
      6,
      0,
      4,
      1,
      10,
      10,
      54,
      6,
      0,
      28,
      4,
      0,
      4,
      0,
      11,
      319,
      18,
      35,
      0,
      0
    ],
    [
      9,
      2,
      5,
      0,
      2,
      2,
      0,
      5,
      0,
      7,
      2,
      15,
      9,
      9,
      3,
      1,
      18,
      0,
      2,
      3,
      0,
      10,
      15,
      1900,
      21,
      2,
      0
    ],
    [
      10,
      3,
      9,
      0,
      3,
      2,
      0,
      7,
      1,
      1,
      2,
      12,
      9,
      44,
      2,
      3,
      23,
      4,
      5,
      1,
      0,
      23,
      31,
      18,
      286,
      0,
      0
    ],
    [
      55,
      3,
      2,
      0,
      3,
      3,
      0,
      1,
      4,
      0,
      0,
      2,
      7,
      0,
      0,
      3,
      1,
      0,
      17,
      13,
      0,
      0,
      0,
      5,
      1,
      432,
      0
    ],
    [
      0,
      0,
      1,
      0,
      0,
      0,
      1,
      1,
      1,
      0,
      0,
      1,
      0,
      0,
      0,
      0,
      0,
      0,
      0,
      0,
      0,
      0,
      0,
      0,
      0,
      1,
      168
    ]
  ],
  "class_names": [
    "0",
    "1",
    "2",
    "3",
    "4",
    "5",
    "6",
    "7",
    "8",
    "9",
    "10",
    "11",
    "12",
    "13",
    "14",
    "15",
    "16",
    "17",
    "18",
    "19",
    "20",
    "21",
    "22",
    "23",
    "24",
    "25",
    "26"
  ]
}